Jane,Doe,21
John,Smith,33
Jill,Doe,20
Joe,Smith,34
Justin,Doe,41
Jane,Doe,21
John,Smith,33
Jill,Doe,20
Joe,Smith,34
Justin,Doe,41
Jane,Doe,21
John,Smith,33
Jill,Doe,20
Joe,Smith,34
Justin,Doe,41
Jane,Doe,21
John,Smith,33
Jill,Doe,20
Joe,Smith,34
Justin,Doe,41
Jane,Doe,21
John,Smith,33
Jill,Doe,20
Joe,Smith,34
Justin,Doe,41
Jane,Doe,21
John,Smith,33
Jill,Doe,20
Joe,Smith,34
Justin,Doe,41
Jane,Doe,21
John,Smith,33
Jill,Doe,20
Joe,Smith,34
Justin,Doe,41
Jane,Doe,21
John,Smith,33
Jill,Doe,20
Joe,Smith,34
Justin,Doe,41
Jane,Doe,21
John,Smith,33
Jill,Doe,20
Joe,Smith,34
Justin,Doe,41
Jane,Doe,21
John,Smith,33
Jill,Doe,20
Joe,Smith,34
Justin,Doe,41
Jane,Doe,21
John,Smith,33
Jill,Doe,20
Joe,Smith,34
Justin,Doe,41
Jane,Doe,21
John,Smith,33
Jill,Doe,20
Joe,Smith,34
Justin,Doe,41
Jane,Doe,21
John,Smith,33
Jill,Doe,20
Joe,Smith,34
Justin,Doe,41
Jane,Doe,21
John,Smith,33
Jill,Doe,20
Joe,Smith,34
Justin,Doe,41
Jane,Doe,21
John,Smith,33
Jill,Doe,20
Joe,Smith,34
Justin,Doe,41
Jane,Doe,21
John,Smith,33
Jill,Doe,20
Joe,Smith,34
Justin,Doe,41
Jane,Doe,21
John,Smith,33
Jill,Doe,20
Joe,Smith,34
Justin,Doe,41
Jane,Doe,21
John,Smith,33
Jill,Doe,20
Joe,Smith,34
Justin,Doe,41
Jane,Doe,21
John,Smith,33
Jill,Doe,20
Joe,Smith,34
Justin,Doe,41
Jane,Doe,21
John,Smith,33
Jill,Doe,20
Joe,Smith,34
Justin,Doe,41
Jane,Doe,21
John,Smith,33
Jill,Doe,20
Joe,Smith,34
Justin,Doe,41
Jane,Doe,21
John,Smith,33
Jill,Doe,20
Joe,Smith,34
Justin,Doe,41
Jane,Doe,21
John,Smith,33
Jill,Doe,20
Joe,Smith,34
Justin,Doe,41
Jane,Doe,21
John,Smith,33
Jill,Doe,20
Joe,Smith,34
Justin,Doe,41
Jane,Doe,21
John,Smith,33
Jill,Doe,20
Joe,Smith,34
Justin,Doe,41
Jane,Doe,21
John,Smith,33
Jill,Doe,20
Joe,Smith,34
Justin,Doe,41
Jane,Doe,21
John,Smith,33
Jill,Doe,20
Joe,Smith,34
Justin,Doe,41
Jane,Doe,21
John,Smith,33
Jill,Doe,20
Joe,Smith,34
Justin,Doe,41
Jane,Doe,21
John,Smith,33
Jill,Doe,20
Joe,Smith,34
Justin,Doe,41
Jane,Doe,21
John,Smith,33
Jill,Doe,20
Joe,Smith,34
Justin,Doe,41
Jane,Doe,21
John,Smith,33
Jill,Doe,20
Joe,Smith,34
Justin,Doe,41
Jane,Doe,21
John,Smith,33
Jill,Doe,20
Joe,Smith,34
Justin,Doe,41
Jane,Doe,21
John,Smith,33
Jill,Doe,20
Joe,Smith,34
Justin,Doe,41
Jane,Doe,21
John,Smith,33
Jill,Doe,20
Joe,Smith,34
Justin,Doe,41
Jane,Doe,21
John,Smith,33
Jill,Doe,20
Joe,Smith,34
Justin,Doe,41
Jane,Doe,21
John,Smith,33
Jill,Doe,20
Joe,Smith,34
Justin,Doe,41
Jane,Doe,21
John,Smith,33
Jill,Doe,20
Joe,Smith,34
Justin,Doe,41
Jane,Doe,21
John,Smith,33
Jill,Doe,20
Joe,Smith,34
Justin,Doe,41
Jane,Doe,21
John,Smith,33
Jill,Doe,20
Joe,Smith,34
Justin,Doe,41
Jane,Doe,21
John,Smith,33
Jill,Doe,20
Joe,Smith,34
Justin,Doe,41
Jane,Doe,21
John,Smith,33
Jill,Doe,20
Joe,Smith,34
Justin,Doe,41
Jane,Doe,21
John,Smith,33
Jill,Doe,20
Joe,Smith,34
Justin,Doe,41
Jane,Doe,21
John,Smith,33
Jill,Doe,20
Joe,Smith,34
Justin,Doe,41
Jane,Doe,21
John,Smith,33
Jill,Doe,20
Joe,Smith,34
Justin,Doe,41
Jane,Doe,21
John,Smith,33
Jill,Doe,20
Joe,Smith,34
Justin,Doe,41
Jane,Doe,21
John,Smith,33
Jill,Doe,20
Joe,Smith,34
Justin,Doe,41
Jane,Doe,21
John,Smith,33
Jill,Doe,20
Joe,Smith,34
Justin,Doe,41
Jane,Doe,21
John,Smith,33
Jill,Doe,20
Joe,Smith,34
Justin,Doe,41
Jane,Doe,21
John,Smith,33
Jill,Doe,20
Joe,Smith,34
Justin,Doe,41
Jane,Doe,21
John,Smith,33
Jill,Doe,20
Joe,Smith,34
Justin,Doe,41
Jane,Doe,21
John,Smith,33
Jill,Doe,20
Joe,Smith,34
Justin,Doe,41
Jane,Doe,21
John,Smith,33
Jill,Doe,20
Joe,Smith,34
Justin,Doe,41
Jane,Doe,21
John,Smith,33
Jill,Doe,20
Joe,Smith,34
Justin,Doe,41
Jane,Doe,21
John,Smith,33
Jill,Doe,20
Joe,Smith,34
Justin,Doe,41
Jane,Doe,21
John,Smith,33
Jill,Doe,20
Joe,Smith,34
Justin,Doe,41
Jane,Doe,21
John,Smith,33
Jill,Doe,20
Joe,Smith,34
Justin,Doe,41
Jane,Doe,21
John,Smith,33
Jill,Doe,20
Joe,Smith,34
Justin,Doe,41
Jane,Doe,21
John,Smith,33
Jill,Doe,20
Joe,Smith,34
Justin,Doe,41
Jane,Doe,21
John,Smith,33
Jill,Doe,20
Joe,Smith,34
Justin,Doe,41
Jane,Doe,21
John,Smith,33
Jill,Doe,20
Joe,Smith,34
Justin,Doe,41
Jane,Doe,21
John,Smith,33
Jill,Doe,20
Joe,Smith,34
Justin,Doe,41
Jane,Doe,21
John,Smith,33
Jill,Doe,20
Joe,Smith,34
Justin,Doe,41
Jane,Doe,21
John,Smith,33
Jill,Doe,20
Joe,Smith,34
Justin,Doe,41
Jane,Doe,21
John,Smith,33
Jill,Doe,20
Joe,Smith,34
Justin,Doe,41
Jane,Doe,21
John,Smith,33
Jill,Doe,20
Joe,Smith,34
Justin,Doe,41
Jane,Doe,21
John,Smith,33
Jill,Doe,20
Joe,Smith,34
Justin,Doe,41
Jane,Doe,21
John,Smith,33
Jill,Doe,20
Joe,Smith,34
Justin,Doe,41
Jane,Doe,21
John,Smith,33
Jill,Doe,20
Joe,Smith,34
Justin,Doe,41
Jane,Doe,21
John,Smith,33
Jill,Doe,20
Joe,Smith,34
Justin,Doe,41
Jane,Doe,21
John,Smith,33
Jill,Doe,20
Joe,Smith,34
Justin,Doe,41
Jane,Doe,21
John,Smith,33
Jill,Doe,20
Joe,Smith,34
Justin,Doe,41
Jane,Doe,21
John,Smith,33
Jill,Doe,20
Joe,Smith,34
Justin,Doe,41
Jane,Doe,21
John,Smith,33
Jill,Doe,20
Joe,Smith,34
Justin,Doe,41
Jane,Doe,21
John,Smith,33
Jill,Doe,20
Joe,Smith,34
Justin,Doe,41
Jane,Doe,21
John,Smith,33
Jill,Doe,20
Joe,Smith,34
Justin,Doe,41
Jane,Doe,21
John,Smith,33
Jill,Doe,20
Joe,Smith,34
Justin,Doe,41
Jane,Doe,21
John,Smith,33
Jill,Doe,20
Joe,Smith,34
Justin,Doe,41
Jane,Doe,21
John,Smith,33
Jill,Doe,20
Joe,Smith,34
Justin,Doe,41
Jane,Doe,21
John,Smith,33
Jill,Doe,20
Joe,Smith,34
Justin,Doe,41
Jane,Doe,21
John,Smith,33
Jill,Doe,20
Joe,Smith,34
Justin,Doe,41
Jane,Doe,21
John,Smith,33
Jill,Doe,20
Joe,Smith,34
Justin,Doe,41
Jane,Doe,21
John,Smith,33
Jill,Doe,20
Joe,Smith,34
Justin,Doe,41
Jane,Doe,21
John,Smith,33
Jill,Doe,20
Joe,Smith,34
Justin,Doe,41
Jane,Doe,21
John,Smith,33
Jill,Doe,20
Joe,Smith,34
Justin,Doe,41
Jane,Doe,21
John,Smith,33
Jill,Doe,20
Joe,Smith,34
Justin,Doe,41
Jane,Doe,21
John,Smith,33
Jill,Doe,20
Joe,Smith,34
Justin,Doe,41
Jane,Doe,21
John,Smith,33
Jill,Doe,20
Joe,Smith,34
Justin,Doe,41
Jane,Doe,21
John,Smith,33
Jill,Doe,20
Joe,Smith,34
Justin,Doe,41
Jane,Doe,21
John,Smith,33
Jill,Doe,20
Joe,Smith,34
Justin,Doe,41
Jane,Doe,21
John,Smith,33
Jill,Doe,20
Joe,Smith,34
Justin,Doe,41
Jane,Doe,21
John,Smith,33
Jill,Doe,20
Joe,Smith,34
Justin,Doe,41
Jane,Doe,21
John,Smith,33
Jill,Doe,20
Joe,Smith,34
Justin,Doe,41
Jane,Doe,21
John,Smith,33
Jill,Doe,20
Joe,Smith,34
Justin,Doe,41
Jane,Doe,21
John,Smith,33
Jill,Doe,20
Joe,Smith,34
Justin,Doe,41
Jane,Doe,21
John,Smith,33
Jill,Doe,20
Joe,Smith,34
Justin,Doe,41
Jane,Doe,21
John,Smith,33
Jill,Doe,20
Joe,Smith,34
Justin,Doe,41
Jane,Doe,21
John,Smith,33
Jill,Doe,20
Joe,Smith,34
Justin,Doe,41
Jane,Doe,21
John,Smith,33
Jill,Doe,20
Joe,Smith,34
Justin,Doe,41
Jane,Doe,21
John,Smith,33
Jill,Doe,20
Joe,Smith,34
Justin,Doe,41
Jane,Doe,21
John,Smith,33
Jill,Doe,20
Joe,Smith,34
Justin,Doe,41
Jane,Doe,21
John,Smith,33
Jill,Doe,20
Joe,Smith,34
Justin,Doe,41
Jane,Doe,21
John,Smith,33
Jill,Doe,20
Joe,Smith,34
Justin,Doe,41
Jane,Doe,21
John,Smith,33
Jill,Doe,20
Joe,Smith,34
Justin,Doe,41
Jane,Doe,21
John,Smith,33
Jill,Doe,20
Joe,Smith,34
Justin,Doe,41
Jane,Doe,21
John,Smith,33
Jill,Doe,20
Joe,Smith,34
Justin,Doe,41
Jane,Doe,21
John,Smith,33
Jill,Doe,20
Joe,Smith,34
Justin,Doe,41
Jane,Doe,21
John,Smith,33
Jill,Doe,20
Joe,Smith,34
Justin,Doe,41
Jane,Doe,21
John,Smith,33
Jill,Doe,20
Joe,Smith,34
Justin,Doe,41
Jane,Doe,21
John,Smith,33
Jill,Doe,20
Joe,Smith,34
Justin,Doe,41
Jane,Doe,21
John,Smith,33
Jill,Doe,20
Joe,Smith,34
Justin,Doe,41
Jane,Doe,21
John,Smith,33
Jill,Doe,20
Joe,Smith,34
Justin,Doe,41
Jane,Doe,21
John,Smith,33
Jill,Doe,20
Joe,Smith,34
Justin,Doe,41
Jane,Doe,21
John,Smith,33
Jill,Doe,20
Joe,Smith,34
Justin,Doe,41
Jane,Doe,21
John,Smith,33
Jill,Doe,20
Joe,Smith,34
Justin,Doe,41
Jane,Doe,21
John,Smith,33
Jill,Doe,20
Joe,Smith,34
Justin,Doe,41
Jane,Doe,21
John,Smith,33
Jill,Doe,20
Joe,Smith,34
Justin,Doe,41
Jane,Doe,21
John,Smith,33
Jill,Doe,20
Joe,Smith,34
Justin,Doe,41
Jane,Doe,21
John,Smith,33
Jill,Doe,20
Joe,Smith,34
Justin,Doe,41
Jane,Doe,21
John,Smith,33
Jill,Doe,20
Joe,Smith,34
Justin,Doe,41
Jane,Doe,21
John,Smith,33
Jill,Doe,20
Joe,Smith,34
Justin,Doe,41
Jane,Doe,21
John,Smith,33
Jill,Doe,20
Joe,Smith,34
Justin,Doe,41
Jane,Doe,21
John,Smith,33
Jill,Doe,20
Joe,Smith,34
Justin,Doe,41
Jane,Doe,21
John,Smith,33
Jill,Doe,20
Joe,Smith,34
Justin,Doe,41
Jane,Doe,21
John,Smith,33
Jill,Doe,20
Joe,Smith,34
Justin,Doe,41
Jane,Doe,21
John,Smith,33
Jill,Doe,20
Joe,Smith,34
Justin,Doe,41
Jane,Doe,21
John,Smith,33
Jill,Doe,20
Joe,Smith,34
Justin,Doe,41
Jane,Doe,21
John,Smith,33
Jill,Doe,20
Joe,Smith,34
Justin,Doe,41
Jane,Doe,21
John,Smith,33
Jill,Doe,20
Joe,Smith,34
Justin,Doe,41
Jane,Doe,21
John,Smith,33
Jill,Doe,20
Joe,Smith,34
Justin,Doe,41
Jane,Doe,21
John,Smith,33
Jill,Doe,20
Joe,Smith,34
Justin,Doe,41
Jane,Doe,21
John,Smith,33
Jill,Doe,20
Joe,Smith,34
Justin,Doe,41
Jane,Doe,21
John,Smith,33
Jill,Doe,20
Joe,Smith,34
Justin,Doe,41
Jane,Doe,21
John,Smith,33
Jill,Doe,20
Joe,Smith,34
Justin,Doe,41
Jane,Doe,21
John,Smith,33
Jill,Doe,20
Joe,Smith,34
Justin,Doe,41
Jane,Doe,21
John,Smith,33
Jill,Doe,20
Joe,Smith,34
Justin,Doe,41
Jane,Doe,21
John,Smith,33
Jill,Doe,20
Joe,Smith,34
Justin,Doe,41
Jane,Doe,21
John,Smith,33
Jill,Doe,20
Joe,Smith,34
Justin,Doe,41
Jane,Doe,21
John,Smith,33
Jill,Doe,20
Joe,Smith,34
Justin,Doe,41
Jane,Doe,21
John,Smith,33
Jill,Doe,20
Joe,Smith,34
Justin,Doe,41
Jane,Doe,21
John,Smith,33
Jill,Doe,20
Joe,Smith,34
Justin,Doe,41
Jane,Doe,21
John,Smith,33
Jill,Doe,20
Joe,Smith,34
Justin,Doe,41
Jane,Doe,21
John,Smith,33
Jill,Doe,20
Joe,Smith,34
Justin,Doe,41
Jane,Doe,21
John,Smith,33
Jill,Doe,20
Joe,Smith,34
Justin,Doe,41
Jane,Doe,21
John,Smith,33
Jill,Doe,20
Joe,Smith,34
Justin,Doe,41
Jane,Doe,21
John,Smith,33
Jill,Doe,20
Joe,Smith,34
Justin,Doe,41
Jane,Doe,21
John,Smith,33
Jill,Doe,20
Joe,Smith,34
Justin,Doe,41
Jane,Doe,21
John,Smith,33
Jill,Doe,20
Joe,Smith,34
Justin,Doe,41
Jane,Doe,21
John,Smith,33
Jill,Doe,20
Joe,Smith,34
Justin,Doe,41
Jane,Doe,21
John,Smith,33
Jill,Doe,20
Joe,Smith,34
Justin,Doe,41
Jane,Doe,21
John,Smith,33
Jill,Doe,20
Joe,Smith,34
Justin,Doe,41
Jane,Doe,21
John,Smith,33
Jill,Doe,20
Joe,Smith,34
Justin,Doe,41
Jane,Doe,21
John,Smith,33
Jill,Doe,20
Joe,Smith,34
Justin,Doe,41
Jane,Doe,21
John,Smith,33
Jill,Doe,20
Joe,Smith,34
Justin,Doe,41
Jane,Doe,21
John,Smith,33
Jill,Doe,20
Joe,Smith,34
Justin,Doe,41
Jane,Doe,21
John,Smith,33
Jill,Doe,20
Joe,Smith,34
Justin,Doe,41
Jane,Doe,21
John,Smith,33
Jill,Doe,20
Joe,Smith,34
Justin,Doe,41
Jane,Doe,21
John,Smith,33
Jill,Doe,20
Joe,Smith,34
Justin,Doe,41
Jane,Doe,21
John,Smith,33
Jill,Doe,20
Joe,Smith,34
Justin,Doe,41
Jane,Doe,21
John,Smith,33
Jill,Doe,20
Joe,Smith,34
Justin,Doe,41
Jane,Doe,21
John,Smith,33
Jill,Doe,20
Joe,Smith,34
Justin,Doe,41
Jane,Doe,21
John,Smith,33
Jill,Doe,20
Joe,Smith,34
Justin,Doe,41
Jane,Doe,21
John,Smith,33
Jill,Doe,20
Joe,Smith,34
Justin,Doe,41
Jane,Doe,21
John,Smith,33
Jill,Doe,20
Joe,Smith,34
Justin,Doe,41
Jane,Doe,21
John,Smith,33
Jill,Doe,20
Joe,Smith,34
Justin,Doe,41
Jane,Doe,21
John,Smith,33
Jill,Doe,20
Joe,Smith,34
Justin,Doe,41
Jane,Doe,21
John,Smith,33
Jill,Doe,20
Joe,Smith,34
Justin,Doe,41
Jane,Doe,21
John,Smith,33
Jill,Doe,20
Joe,Smith,34
Justin,Doe,41
Jane,Doe,21
John,Smith,33
Jill,Doe,20
Joe,Smith,34
Justin,Doe,41
Jane,Doe,21
John,Smith,33
Jill,Doe,20
Joe,Smith,34
Justin,Doe,41
Jane,Doe,21
John,Smith,33
Jill,Doe,20
Joe,Smith,34
Justin,Doe,41
Jane,Doe,21
John,Smith,33
Jill,Doe,20
Joe,Smith,34
Justin,Doe,41
Jane,Doe,21
John,Smith,33
Jill,Doe,20
Joe,Smith,34
Justin,Doe,41
Jane,Doe,21
John,Smith,33
Jill,Doe,20
Joe,Smith,34
Justin,Doe,41
Jane,Doe,21
John,Smith,33
Jill,Doe,20
Joe,Smith,34
Justin,Doe,41
Jane,Doe,21
John,Smith,33
Jill,Doe,20
Joe,Smith,34
Justin,Doe,41
Jane,Doe,21
John,Smith,33
Jill,Doe,20
Joe,Smith,34
Justin,Doe,41
Jane,Doe,21
John,Smith,33
Jill,Doe,20
Joe,Smith,34
Justin,Doe,41
Jane,Doe,21
John,Smith,33
Jill,Doe,20
Joe,Smith,34
Justin,Doe,41
Jane,Doe,21
John,Smith,33
Jill,Doe,20
Joe,Smith,34
Justin,Doe,41
Jane,Doe,21
John,Smith,33
Jill,Doe,20
Joe,Smith,34
Justin,Doe,41
Jane,Doe,21
John,Smith,33
Jill,Doe,20
Joe,Smith,34
Justin,Doe,41
Jane,Doe,21
John,Smith,33
Jill,Doe,20
Joe,Smith,34
Justin,Doe,41
Jane,Doe,21
John,Smith,33
Jill,Doe,20
Joe,Smith,34
Justin,Doe,41
Jane,Doe,21
John,Smith,33
Jill,Doe,20
Joe,Smith,34
Justin,Doe,41
Jane,Doe,21
John,Smith,33
Jill,Doe,20
Joe,Smith,34
Justin,Doe,41
Jane,Doe,21
John,Smith,33
Jill,Doe,20
Joe,Smith,34
Justin,Doe,41
Jane,Doe,21
John,Smith,33
Jill,Doe,20
Joe,Smith,34
Justin,Doe,41
Jane,Doe,21
John,Smith,33
Jill,Doe,20
Joe,Smith,34
Justin,Doe,41
Jane,Doe,21
John,Smith,33
Jill,Doe,20
Joe,Smith,34
Justin,Doe,41
Jane,Doe,21
John,Smith,33
Jill,Doe,20
Joe,Smith,34
Justin,Doe,41
Jane,Doe,21
John,Smith,33
Jill,Doe,20
Joe,Smith,34
Justin,Doe,41
Jane,Doe,21
John,Smith,33
Jill,Doe,20
Joe,Smith,34
Justin,Doe,41
Jane,Doe,21
John,Smith,33
Jill,Doe,20
Joe,Smith,34
Justin,Doe,41
Jane,Doe,21
John,Smith,33
Jill,Doe,20
Joe,Smith,34
Justin,Doe,41
Jane,Doe,21
John,Smith,33
Jill,Doe,20
Joe,Smith,34
Justin,Doe,41
Jane,Doe,21
John,Smith,33
Jill,Doe,20
Joe,Smith,34
Justin,Doe,41
Jane,Doe,21
John,Smith,33
Jill,Doe,20
Joe,Smith,34
Justin,Doe,41
Jane,Doe,21
John,Smith,33
Jill,Doe,20
Joe,Smith,34
Justin,Doe,41
Jane,Doe,21
John,Smith,33
Jill,Doe,20
Joe,Smith,34
Justin,Doe,41
Jane,Doe,21
John,Smith,33
Jill,Doe,20
Joe,Smith,34
Justin,Doe,41
