Jane,Doe,1999-01-30
John,Smith,1987-02-12
Jill,Doe,2000-03-01
Joe,Smith,1985-10-02
Justin,Doe,1979-05-13
Jane,Doe,1999-01-31
John,Smith,1987-02-13
Jill,Doe,2000-03-02
Joe,Smith,1985-10-03
Justin,Doe,1979-05-14
Jane,Doe,1999-01-30
John,Smith,1987-02-12
Jill,Doe,2000-03-01
Joe,Smith,1985-10-02
Justin,Doe,1979-05-13
Jane,Doe,1999-01-31
John,Smith,1987-02-13
Jill,Doe,2000-03-02
Joe,Smith,1985-10-03
Justin,Doe,1979-05-14
Jane,Doe,1999-01-30
John,Smith,1987-02-12
Jill,Doe,2000-03-01
Joe,Smith,1985-10-02
Justin,Doe,1979-05-13
Jane,Doe,1999-01-31
John,Smith,1987-02-13
Jill,Doe,2000-03-02
Joe,Smith,1985-10-03
Justin,Doe,1979-05-14
Jane,Doe,1999-01-30
John,Smith,1987-02-12
Jill,Doe,2000-03-01
Joe,Smith,1985-10-02
Justin,Doe,1979-05-13
Jane,Doe,1999-01-31
John,Smith,1987-02-13
Jill,Doe,2000-03-02
Joe,Smith,1985-10-03
Justin,Doe,1979-05-14
Jane,Doe,1999-01-30
John,Smith,1987-02-12
Jill,Doe,2000-03-01
Joe,Smith,1985-10-02
Justin,Doe,1979-05-13
Jane,Doe,1999-01-31
John,Smith,1987-02-13
Jill,Doe,2000-03-02
Joe,Smith,1985-10-03
Justin,Doe,1979-05-14
Jane,Doe,1999-01-30
John,Smith,1987-02-12
Jill,Doe,2000-03-01
Joe,Smith,1985-10-02
Justin,Doe,1979-05-13
Jane,Doe,1999-01-31
John,Smith,1987-02-13
Jill,Doe,2000-03-02
Joe,Smith,1985-10-03
Justin,Doe,1979-05-14
Jane,Doe,1999-01-30
John,Smith,1987-02-12
Jill,Doe,2000-03-01
Joe,Smith,1985-10-02
Justin,Doe,1979-05-13
Jane,Doe,1999-01-31
John,Smith,1987-02-13
Jill,Doe,2000-03-02
Joe,Smith,1985-10-03
Justin,Doe,1979-05-14
Jane,Doe,1999-01-30
John,Smith,1987-02-12
Jill,Doe,2000-03-01
Joe,Smith,1985-10-02
Justin,Doe,1979-05-13
Jane,Doe,1999-01-31
John,Smith,1987-02-13
Jill,Doe,2000-03-02
Joe,Smith,1985-10-03
Justin,Doe,1979-05-14
Jane,Doe,1999-01-30
John,Smith,1987-02-12
Jill,Doe,2000-03-01
Joe,Smith,1985-10-02
Justin,Doe,1979-05-13
Jane,Doe,1999-01-31
John,Smith,1987-02-13
Jill,Doe,2000-03-02
Joe,Smith,1985-10-03
Justin,Doe,1979-05-14
Jane,Doe,1999-01-30
John,Smith,1987-02-12
Jill,Doe,2000-03-01
Joe,Smith,1985-10-02
Justin,Doe,1979-05-13
Jane,Doe,1999-01-31
John,Smith,1987-02-13
Jill,Doe,2000-03-02
Joe,Smith,1985-10-03
Justin,Doe,1979-05-14
Jane,Doe,1999-01-30
John,Smith,1987-02-12
Jill,Doe,2000-03-01
Joe,Smith,1985-10-02
Justin,Doe,1979-05-13
Jane,Doe,1999-01-31
John,Smith,1987-02-13
Jill,Doe,2000-03-02
Joe,Smith,1985-10-03
Justin,Doe,1979-05-14
Jane,Doe,1999-01-30
John,Smith,1987-02-12
Jill,Doe,2000-03-01
Joe,Smith,1985-10-02
Justin,Doe,1979-05-13
Jane,Doe,1999-01-31
John,Smith,1987-02-13
Jill,Doe,2000-03-02
Joe,Smith,1985-10-03
Justin,Doe,1979-05-14
Jane,Doe,1999-01-30
John,Smith,1987-02-12
Jill,Doe,2000-03-01
Joe,Smith,1985-10-02
Justin,Doe,1979-05-13
Jane,Doe,1999-01-31
John,Smith,1987-02-13
Jill,Doe,2000-03-02
Joe,Smith,1985-10-03
Justin,Doe,1979-05-14
Jane,Doe,1999-01-30
John,Smith,1987-02-12
Jill,Doe,2000-03-01
Joe,Smith,1985-10-02
Justin,Doe,1979-05-13
Jane,Doe,1999-01-31
John,Smith,1987-02-13
Jill,Doe,2000-03-02
Joe,Smith,1985-10-03
Justin,Doe,1979-05-14
Jane,Doe,1999-01-30
John,Smith,1987-02-12
Jill,Doe,2000-03-01
Joe,Smith,1985-10-02
Justin,Doe,1979-05-13
Jane,Doe,1999-01-31
John,Smith,1987-02-13
Jill,Doe,2000-03-02
Joe,Smith,1985-10-03
Justin,Doe,1979-05-14
Jane,Doe,1999-01-30
John,Smith,1987-02-12
Jill,Doe,2000-03-01
Joe,Smith,1985-10-02
Justin,Doe,1979-05-13
Jane,Doe,1999-01-31
John,Smith,1987-02-13
Jill,Doe,2000-03-02
Joe,Smith,1985-10-03
Justin,Doe,1979-05-14
Jane,Doe,1999-01-30
John,Smith,1987-02-12
Jill,Doe,2000-03-01
Joe,Smith,1985-10-02
Justin,Doe,1979-05-13
Jane,Doe,1999-01-31
John,Smith,1987-02-13
Jill,Doe,2000-03-02
Joe,Smith,1985-10-03
Justin,Doe,1979-05-14
Jane,Doe,1999-01-30
John,Smith,1987-02-12
Jill,Doe,2000-03-01
Joe,Smith,1985-10-02
Justin,Doe,1979-05-13
Jane,Doe,1999-01-31
John,Smith,1987-02-13
Jill,Doe,2000-03-02
Joe,Smith,1985-10-03
Justin,Doe,1979-05-14
Jane,Doe,1999-01-30
John,Smith,1987-02-12
Jill,Doe,2000-03-01
Joe,Smith,1985-10-02
Justin,Doe,1979-05-13
Jane,Doe,1999-01-31
John,Smith,1987-02-13
Jill,Doe,2000-03-02
Joe,Smith,1985-10-03
Justin,Doe,1979-05-14
Jane,Doe,1999-01-30
John,Smith,1987-02-12
Jill,Doe,2000-03-01
Joe,Smith,1985-10-02
Justin,Doe,1979-05-13
Jane,Doe,1999-01-31
John,Smith,1987-02-13
Jill,Doe,2000-03-02
Joe,Smith,1985-10-03
Justin,Doe,1979-05-14
Jane,Doe,1999-01-30
John,Smith,1987-02-12
Jill,Doe,2000-03-01
Joe,Smith,1985-10-02
Justin,Doe,1979-05-13
Jane,Doe,1999-01-31
John,Smith,1987-02-13
Jill,Doe,2000-03-02
Joe,Smith,1985-10-03
Justin,Doe,1979-05-14
Jane,Doe,1999-01-30
John,Smith,1987-02-12
Jill,Doe,2000-03-01
Joe,Smith,1985-10-02
Justin,Doe,1979-05-13
Jane,Doe,1999-01-31
John,Smith,1987-02-13
Jill,Doe,2000-03-02
Joe,Smith,1985-10-03
Justin,Doe,1979-05-14
Jane,Doe,1999-01-30
John,Smith,1987-02-12
Jill,Doe,2000-03-01
Joe,Smith,1985-10-02
Justin,Doe,1979-05-13
Jane,Doe,1999-01-31
John,Smith,1987-02-13
Jill,Doe,2000-03-02
Joe,Smith,1985-10-03
Justin,Doe,1979-05-14
Jane,Doe,1999-01-30
John,Smith,1987-02-12
Jill,Doe,2000-03-01
Joe,Smith,1985-10-02
Justin,Doe,1979-05-13
Jane,Doe,1999-01-31
John,Smith,1987-02-13
Jill,Doe,2000-03-02
Joe,Smith,1985-10-03
Justin,Doe,1979-05-14
Jane,Doe,1999-01-30
John,Smith,1987-02-12
Jill,Doe,2000-03-01
Joe,Smith,1985-10-02
Justin,Doe,1979-05-13
Jane,Doe,1999-01-31
John,Smith,1987-02-13
Jill,Doe,2000-03-02
Joe,Smith,1985-10-03
Justin,Doe,1979-05-14
Jane,Doe,1999-01-30
John,Smith,1987-02-12
Jill,Doe,2000-03-01
Joe,Smith,1985-10-02
Justin,Doe,1979-05-13
Jane,Doe,1999-01-31
John,Smith,1987-02-13
Jill,Doe,2000-03-02
Joe,Smith,1985-10-03
Justin,Doe,1979-05-14
Jane,Doe,1999-01-30
John,Smith,1987-02-12
Jill,Doe,2000-03-01
Joe,Smith,1985-10-02
Justin,Doe,1979-05-13
Jane,Doe,1999-01-31
John,Smith,1987-02-13
Jill,Doe,2000-03-02
Joe,Smith,1985-10-03
Justin,Doe,1979-05-14
Jane,Doe,1999-01-30
John,Smith,1987-02-12
Jill,Doe,2000-03-01
Joe,Smith,1985-10-02
Justin,Doe,1979-05-13
Jane,Doe,1999-01-31
John,Smith,1987-02-13
Jill,Doe,2000-03-02
Joe,Smith,1985-10-03
Justin,Doe,1979-05-14
Jane,Doe,1999-01-30
John,Smith,1987-02-12
Jill,Doe,2000-03-01
Joe,Smith,1985-10-02
Justin,Doe,1979-05-13
Jane,Doe,1999-01-31
John,Smith,1987-02-13
Jill,Doe,2000-03-02
Joe,Smith,1985-10-03
Justin,Doe,1979-05-14
Jane,Doe,1999-01-30
John,Smith,1987-02-12
Jill,Doe,2000-03-01
Joe,Smith,1985-10-02
Justin,Doe,1979-05-13
Jane,Doe,1999-01-31
John,Smith,1987-02-13
Jill,Doe,2000-03-02
Joe,Smith,1985-10-03
Justin,Doe,1979-05-14
Jane,Doe,1999-01-30
John,Smith,1987-02-12
Jill,Doe,2000-03-01
Joe,Smith,1985-10-02
Justin,Doe,1979-05-13
Jane,Doe,1999-01-31
John,Smith,1987-02-13
Jill,Doe,2000-03-02
Joe,Smith,1985-10-03
Justin,Doe,1979-05-14
Jane,Doe,1999-01-30
John,Smith,1987-02-12
Jill,Doe,2000-03-01
Joe,Smith,1985-10-02
Justin,Doe,1979-05-13
Jane,Doe,1999-01-31
John,Smith,1987-02-13
Jill,Doe,2000-03-02
Joe,Smith,1985-10-03
Justin,Doe,1979-05-14
Jane,Doe,1999-01-30
John,Smith,1987-02-12
Jill,Doe,2000-03-01
Joe,Smith,1985-10-02
Justin,Doe,1979-05-13
Jane,Doe,1999-01-31
John,Smith,1987-02-13
Jill,Doe,2000-03-02
Joe,Smith,1985-10-03
Justin,Doe,1979-05-14
Jane,Doe,1999-01-30
John,Smith,1987-02-12
Jill,Doe,2000-03-01
Joe,Smith,1985-10-02
Justin,Doe,1979-05-13
Jane,Doe,1999-01-31
John,Smith,1987-02-13
Jill,Doe,2000-03-02
Joe,Smith,1985-10-03
Justin,Doe,1979-05-14
Jane,Doe,1999-01-30
John,Smith,1987-02-12
Jill,Doe,2000-03-01
Joe,Smith,1985-10-02
Justin,Doe,1979-05-13
Jane,Doe,1999-01-31
John,Smith,1987-02-13
Jill,Doe,2000-03-02
Joe,Smith,1985-10-03
Justin,Doe,1979-05-14
Jane,Doe,1999-01-30
John,Smith,1987-02-12
Jill,Doe,2000-03-01
Joe,Smith,1985-10-02
Justin,Doe,1979-05-13
Jane,Doe,1999-01-31
John,Smith,1987-02-13
Jill,Doe,2000-03-02
Joe,Smith,1985-10-03
Justin,Doe,1979-05-14
Jane,Doe,1999-01-30
John,Smith,1987-02-12
Jill,Doe,2000-03-01
Joe,Smith,1985-10-02
Justin,Doe,1979-05-13
Jane,Doe,1999-01-31
John,Smith,1987-02-13
Jill,Doe,2000-03-02
Joe,Smith,1985-10-03
Justin,Doe,1979-05-14
Jane,Doe,1999-01-30
John,Smith,1987-02-12
Jill,Doe,2000-03-01
Joe,Smith,1985-10-02
Justin,Doe,1979-05-13
Jane,Doe,1999-01-31
John,Smith,1987-02-13
Jill,Doe,2000-03-02
Joe,Smith,1985-10-03
Justin,Doe,1979-05-14
Jane,Doe,1999-01-30
John,Smith,1987-02-12
Jill,Doe,2000-03-01
Joe,Smith,1985-10-02
Justin,Doe,1979-05-13
Jane,Doe,1999-01-31
John,Smith,1987-02-13
Jill,Doe,2000-03-02
Joe,Smith,1985-10-03
Justin,Doe,1979-05-14
Jane,Doe,1999-01-30
John,Smith,1987-02-12
Jill,Doe,2000-03-01
Joe,Smith,1985-10-02
Justin,Doe,1979-05-13
Jane,Doe,1999-01-31
John,Smith,1987-02-13
Jill,Doe,2000-03-02
Joe,Smith,1985-10-03
Justin,Doe,1979-05-14
Jane,Doe,1999-01-30
John,Smith,1987-02-12
Jill,Doe,2000-03-01
Joe,Smith,1985-10-02
Justin,Doe,1979-05-13
Jane,Doe,1999-01-31
John,Smith,1987-02-13
Jill,Doe,2000-03-02
Joe,Smith,1985-10-03
Justin,Doe,1979-05-14
Jane,Doe,1999-01-30
John,Smith,1987-02-12
Jill,Doe,2000-03-01
Joe,Smith,1985-10-02
Justin,Doe,1979-05-13
Jane,Doe,1999-01-31
John,Smith,1987-02-13
Jill,Doe,2000-03-02
Joe,Smith,1985-10-03
Justin,Doe,1979-05-14
Jane,Doe,1999-01-30
John,Smith,1987-02-12
Jill,Doe,2000-03-01
Joe,Smith,1985-10-02
Justin,Doe,1979-05-13
Jane,Doe,1999-01-31
John,Smith,1987-02-13
Jill,Doe,2000-03-02
Joe,Smith,1985-10-03
Justin,Doe,1979-05-14
Jane,Doe,1999-01-30
John,Smith,1987-02-12
Jill,Doe,2000-03-01
Joe,Smith,1985-10-02
Justin,Doe,1979-05-13
Jane,Doe,1999-01-31
John,Smith,1987-02-13
Jill,Doe,2000-03-02
Joe,Smith,1985-10-03
Justin,Doe,1979-05-14
Jane,Doe,1999-01-30
John,Smith,1987-02-12
Jill,Doe,2000-03-01
Joe,Smith,1985-10-02
Justin,Doe,1979-05-13
Jane,Doe,1999-01-31
John,Smith,1987-02-13
Jill,Doe,2000-03-02
Joe,Smith,1985-10-03
Justin,Doe,1979-05-14
Jane,Doe,1999-01-30
John,Smith,1987-02-12
Jill,Doe,2000-03-01
Joe,Smith,1985-10-02
Justin,Doe,1979-05-13
Jane,Doe,1999-01-31
John,Smith,1987-02-13
Jill,Doe,2000-03-02
Joe,Smith,1985-10-03
Justin,Doe,1979-05-14
Jane,Doe,1999-01-30
John,Smith,1987-02-12
Jill,Doe,2000-03-01
Joe,Smith,1985-10-02
Justin,Doe,1979-05-13
Jane,Doe,1999-01-31
John,Smith,1987-02-13
Jill,Doe,2000-03-02
Joe,Smith,1985-10-03
Justin,Doe,1979-05-14
Jane,Doe,1999-01-30
John,Smith,1987-02-12
Jill,Doe,2000-03-01
Joe,Smith,1985-10-02
Justin,Doe,1979-05-13
Jane,Doe,1999-01-31
John,Smith,1987-02-13
Jill,Doe,2000-03-02
Joe,Smith,1985-10-03
Justin,Doe,1979-05-14
Jane,Doe,1999-01-30
John,Smith,1987-02-12
Jill,Doe,2000-03-01
Joe,Smith,1985-10-02
Justin,Doe,1979-05-13
Jane,Doe,1999-01-31
John,Smith,1987-02-13
Jill,Doe,2000-03-02
Joe,Smith,1985-10-03
Justin,Doe,1979-05-14
Jane,Doe,1999-01-30
John,Smith,1987-02-12
Jill,Doe,2000-03-01
Joe,Smith,1985-10-02
Justin,Doe,1979-05-13
Jane,Doe,1999-01-31
John,Smith,1987-02-13
Jill,Doe,2000-03-02
Joe,Smith,1985-10-03
Justin,Doe,1979-05-14
Jane,Doe,1999-01-30
John,Smith,1987-02-12
Jill,Doe,2000-03-01
Joe,Smith,1985-10-02
Justin,Doe,1979-05-13
Jane,Doe,1999-01-31
John,Smith,1987-02-13
Jill,Doe,2000-03-02
Joe,Smith,1985-10-03
Justin,Doe,1979-05-14
Jane,Doe,1999-01-30
John,Smith,1987-02-12
Jill,Doe,2000-03-01
Joe,Smith,1985-10-02
Justin,Doe,1979-05-13
Jane,Doe,1999-01-31
John,Smith,1987-02-13
Jill,Doe,2000-03-02
Joe,Smith,1985-10-03
Justin,Doe,1979-05-14
Jane,Doe,1999-01-30
John,Smith,1987-02-12
Jill,Doe,2000-03-01
Joe,Smith,1985-10-02
Justin,Doe,1979-05-13
Jane,Doe,1999-01-31
John,Smith,1987-02-13
Jill,Doe,2000-03-02
Joe,Smith,1985-10-03
Justin,Doe,1979-05-14
Jane,Doe,1999-01-30
John,Smith,1987-02-12
Jill,Doe,2000-03-01
Joe,Smith,1985-10-02
Justin,Doe,1979-05-13
Jane,Doe,1999-01-31
John,Smith,1987-02-13
Jill,Doe,2000-03-02
Joe,Smith,1985-10-03
Justin,Doe,1979-05-14
Jane,Doe,1999-01-30
John,Smith,1987-02-12
Jill,Doe,2000-03-01
Joe,Smith,1985-10-02
Justin,Doe,1979-05-13
Jane,Doe,1999-01-31
John,Smith,1987-02-13
Jill,Doe,2000-03-02
Joe,Smith,1985-10-03
Justin,Doe,1979-05-14
Jane,Doe,1999-01-30
John,Smith,1987-02-12
Jill,Doe,2000-03-01
Joe,Smith,1985-10-02
Justin,Doe,1979-05-13
Jane,Doe,1999-01-31
John,Smith,1987-02-13
Jill,Doe,2000-03-02
Joe,Smith,1985-10-03
Justin,Doe,1979-05-14
Jane,Doe,1999-01-30
John,Smith,1987-02-12
Jill,Doe,2000-03-01
Joe,Smith,1985-10-02
Justin,Doe,1979-05-13
Jane,Doe,1999-01-31
John,Smith,1987-02-13
Jill,Doe,2000-03-02
Joe,Smith,1985-10-03
Justin,Doe,1979-05-14
Jane,Doe,1999-01-30
John,Smith,1987-02-12
Jill,Doe,2000-03-01
Joe,Smith,1985-10-02
Justin,Doe,1979-05-13
Jane,Doe,1999-01-31
John,Smith,1987-02-13
Jill,Doe,2000-03-02
Joe,Smith,1985-10-03
Justin,Doe,1979-05-14
Jane,Doe,1999-01-30
John,Smith,1987-02-12
Jill,Doe,2000-03-01
Joe,Smith,1985-10-02
Justin,Doe,1979-05-13
Jane,Doe,1999-01-31
John,Smith,1987-02-13
Jill,Doe,2000-03-02
Joe,Smith,1985-10-03
Justin,Doe,1979-05-14
Jane,Doe,1999-01-30
John,Smith,1987-02-12
Jill,Doe,2000-03-01
Joe,Smith,1985-10-02
Justin,Doe,1979-05-13
Jane,Doe,1999-01-31
John,Smith,1987-02-13
Jill,Doe,2000-03-02
Joe,Smith,1985-10-03
Justin,Doe,1979-05-14
Jane,Doe,1999-01-30
John,Smith,1987-02-12
Jill,Doe,2000-03-01
Joe,Smith,1985-10-02
Justin,Doe,1979-05-13
Jane,Doe,1999-01-31
John,Smith,1987-02-13
Jill,Doe,2000-03-02
Joe,Smith,1985-10-03
Justin,Doe,1979-05-14
Jane,Doe,1999-01-30
John,Smith,1987-02-12
Jill,Doe,2000-03-01
Joe,Smith,1985-10-02
Justin,Doe,1979-05-13
Jane,Doe,1999-01-31
John,Smith,1987-02-13
Jill,Doe,2000-03-02
Joe,Smith,1985-10-03
Justin,Doe,1979-05-14
Jane,Doe,1999-01-30
John,Smith,1987-02-12
Jill,Doe,2000-03-01
Joe,Smith,1985-10-02
Justin,Doe,1979-05-13
Jane,Doe,1999-01-31
John,Smith,1987-02-13
Jill,Doe,2000-03-02
Joe,Smith,1985-10-03
Justin,Doe,1979-05-14
Jane,Doe,1999-01-30
John,Smith,1987-02-12
Jill,Doe,2000-03-01
Joe,Smith,1985-10-02
Justin,Doe,1979-05-13
Jane,Doe,1999-01-31
John,Smith,1987-02-13
Jill,Doe,2000-03-02
Joe,Smith,1985-10-03
Justin,Doe,1979-05-14
Jane,Doe,1999-01-30
John,Smith,1987-02-12
Jill,Doe,2000-03-01
Joe,Smith,1985-10-02
Justin,Doe,1979-05-13
Jane,Doe,1999-01-31
John,Smith,1987-02-13
Jill,Doe,2000-03-02
Joe,Smith,1985-10-03
Justin,Doe,1979-05-14
Jane,Doe,1999-01-30
John,Smith,1987-02-12
Jill,Doe,2000-03-01
Joe,Smith,1985-10-02
Justin,Doe,1979-05-13
Jane,Doe,1999-01-31
John,Smith,1987-02-13
Jill,Doe,2000-03-02
Joe,Smith,1985-10-03
Justin,Doe,1979-05-14
Jane,Doe,1999-01-30
John,Smith,1987-02-12
Jill,Doe,2000-03-01
Joe,Smith,1985-10-02
Justin,Doe,1979-05-13
Jane,Doe,1999-01-31
John,Smith,1987-02-13
Jill,Doe,2000-03-02
Joe,Smith,1985-10-03
Justin,Doe,1979-05-14
Jane,Doe,1999-01-30
John,Smith,1987-02-12
Jill,Doe,2000-03-01
Joe,Smith,1985-10-02
Justin,Doe,1979-05-13
Jane,Doe,1999-01-31
John,Smith,1987-02-13
Jill,Doe,2000-03-02
Joe,Smith,1985-10-03
Justin,Doe,1979-05-14
Jane,Doe,1999-01-30
John,Smith,1987-02-12
Jill,Doe,2000-03-01
Joe,Smith,1985-10-02
Justin,Doe,1979-05-13
Jane,Doe,1999-01-31
John,Smith,1987-02-13
Jill,Doe,2000-03-02
Joe,Smith,1985-10-03
Justin,Doe,1979-05-14
Jane,Doe,1999-01-30
John,Smith,1987-02-12
Jill,Doe,2000-03-01
Joe,Smith,1985-10-02
Justin,Doe,1979-05-13
Jane,Doe,1999-01-31
John,Smith,1987-02-13
Jill,Doe,2000-03-02
Joe,Smith,1985-10-03
Justin,Doe,1979-05-14
Jane,Doe,1999-01-30
John,Smith,1987-02-12
Jill,Doe,2000-03-01
Joe,Smith,1985-10-02
Justin,Doe,1979-05-13
Jane,Doe,1999-01-31
John,Smith,1987-02-13
Jill,Doe,2000-03-02
Joe,Smith,1985-10-03
Justin,Doe,1979-05-14
Jane,Doe,1999-01-30
John,Smith,1987-02-12
Jill,Doe,2000-03-01
Joe,Smith,1985-10-02
Justin,Doe,1979-05-13
Jane,Doe,1999-01-31
John,Smith,1987-02-13
Jill,Doe,2000-03-02
Joe,Smith,1985-10-03
Justin,Doe,1979-05-14
Jane,Doe,1999-01-30
John,Smith,1987-02-12
Jill,Doe,2000-03-01
Joe,Smith,1985-10-02
Justin,Doe,1979-05-13
Jane,Doe,1999-01-31
John,Smith,1987-02-13
Jill,Doe,2000-03-02
Joe,Smith,1985-10-03
Justin,Doe,1979-05-14
Jane,Doe,1999-01-30
John,Smith,1987-02-12
Jill,Doe,2000-03-01
Joe,Smith,1985-10-02
Justin,Doe,1979-05-13
Jane,Doe,1999-01-31
John,Smith,1987-02-13
Jill,Doe,2000-03-02
Joe,Smith,1985-10-03
Justin,Doe,1979-05-14
Jane,Doe,1999-01-30
John,Smith,1987-02-12
Jill,Doe,2000-03-01
Joe,Smith,1985-10-02
Justin,Doe,1979-05-13
Jane,Doe,1999-01-31
John,Smith,1987-02-13
Jill,Doe,2000-03-02
Joe,Smith,1985-10-03
Justin,Doe,1979-05-14
Jane,Doe,1999-01-30
John,Smith,1987-02-12
Jill,Doe,2000-03-01
Joe,Smith,1985-10-02
Justin,Doe,1979-05-13
Jane,Doe,1999-01-31
John,Smith,1987-02-13
Jill,Doe,2000-03-02
Joe,Smith,1985-10-03
Justin,Doe,1979-05-14
Jane,Doe,1999-01-30
John,Smith,1987-02-12
Jill,Doe,2000-03-01
Joe,Smith,1985-10-02
Justin,Doe,1979-05-13
Jane,Doe,1999-01-31
John,Smith,1987-02-13
Jill,Doe,2000-03-02
Joe,Smith,1985-10-03
Justin,Doe,1979-05-14
Jane,Doe,1999-01-30
John,Smith,1987-02-12
Jill,Doe,2000-03-01
Joe,Smith,1985-10-02
Justin,Doe,1979-05-13
Jane,Doe,1999-01-31
John,Smith,1987-02-13
Jill,Doe,2000-03-02
Joe,Smith,1985-10-03
Justin,Doe,1979-05-14
Jane,Doe,1999-01-30
John,Smith,1987-02-12
Jill,Doe,2000-03-01
Joe,Smith,1985-10-02
Justin,Doe,1979-05-13
Jane,Doe,1999-01-31
John,Smith,1987-02-13
Jill,Doe,2000-03-02
Joe,Smith,1985-10-03
Justin,Doe,1979-05-14
Jane,Doe,1999-01-30
John,Smith,1987-02-12
Jill,Doe,2000-03-01
Joe,Smith,1985-10-02
Justin,Doe,1979-05-13
Jane,Doe,1999-01-31
John,Smith,1987-02-13
Jill,Doe,2000-03-02
Joe,Smith,1985-10-03
Justin,Doe,1979-05-14
Jane,Doe,1999-01-30
John,Smith,1987-02-12
Jill,Doe,2000-03-01
Joe,Smith,1985-10-02
Justin,Doe,1979-05-13
Jane,Doe,1999-01-31
John,Smith,1987-02-13
Jill,Doe,2000-03-02
Joe,Smith,1985-10-03
Justin,Doe,1979-05-14
Jane,Doe,1999-01-30
John,Smith,1987-02-12
Jill,Doe,2000-03-01
Joe,Smith,1985-10-02
Justin,Doe,1979-05-13
Jane,Doe,1999-01-31
John,Smith,1987-02-13
Jill,Doe,2000-03-02
Joe,Smith,1985-10-03
Justin,Doe,1979-05-14
Jane,Doe,1999-01-30
John,Smith,1987-02-12
Jill,Doe,2000-03-01
Joe,Smith,1985-10-02
Justin,Doe,1979-05-13
Jane,Doe,1999-01-31
John,Smith,1987-02-13
Jill,Doe,2000-03-02
Joe,Smith,1985-10-03
Justin,Doe,1979-05-14
Jane,Doe,1999-01-30
John,Smith,1987-02-12
Jill,Doe,2000-03-01
Joe,Smith,1985-10-02
Justin,Doe,1979-05-13
Jane,Doe,1999-01-31
John,Smith,1987-02-13
Jill,Doe,2000-03-02
Joe,Smith,1985-10-03
Justin,Doe,1979-05-14
Jane,Doe,1999-01-30
John,Smith,1987-02-12
Jill,Doe,2000-03-01
Joe,Smith,1985-10-02
Justin,Doe,1979-05-13
Jane,Doe,1999-01-31
John,Smith,1987-02-13
Jill,Doe,2000-03-02
Joe,Smith,1985-10-03
Justin,Doe,1979-05-14
Jane,Doe,1999-01-30
John,Smith,1987-02-12
Jill,Doe,2000-03-01
Joe,Smith,1985-10-02
Justin,Doe,1979-05-13
Jane,Doe,1999-01-31
John,Smith,1987-02-13
Jill,Doe,2000-03-02
Joe,Smith,1985-10-03
Justin,Doe,1979-05-14
Jane,Doe,1999-01-30
John,Smith,1987-02-12
Jill,Doe,2000-03-01
Joe,Smith,1985-10-02
Justin,Doe,1979-05-13
Jane,Doe,1999-01-31
John,Smith,1987-02-13
Jill,Doe,2000-03-02
Joe,Smith,1985-10-03
Justin,Doe,1979-05-14
Jane,Doe,1999-01-30
John,Smith,1987-02-12
Jill,Doe,2000-03-01
Joe,Smith,1985-10-02
Justin,Doe,1979-05-13
Jane,Doe,1999-01-31
John,Smith,1987-02-13
Jill,Doe,2000-03-02
Joe,Smith,1985-10-03
Justin,Doe,1979-05-14
Jane,Doe,1999-01-30
John,Smith,1987-02-12
Jill,Doe,2000-03-01
Joe,Smith,1985-10-02
Justin,Doe,1979-05-13
Jane,Doe,1999-01-31
John,Smith,1987-02-13
Jill,Doe,2000-03-02
Joe,Smith,1985-10-03
Justin,Doe,1979-05-14
Jane,Doe,1999-01-30
John,Smith,1987-02-12
Jill,Doe,2000-03-01
Joe,Smith,1985-10-02
Justin,Doe,1979-05-13
Jane,Doe,1999-01-31
John,Smith,1987-02-13
Jill,Doe,2000-03-02
Joe,Smith,1985-10-03
Justin,Doe,1979-05-14
Jane,Doe,1999-01-30
John,Smith,1987-02-12
Jill,Doe,2000-03-01
Joe,Smith,1985-10-02
Justin,Doe,1979-05-13
Jane,Doe,1999-01-31
John,Smith,1987-02-13
Jill,Doe,2000-03-02
Joe,Smith,1985-10-03
Justin,Doe,1979-05-14
Jane,Doe,1999-01-30
John,Smith,1987-02-12
Jill,Doe,2000-03-01
Joe,Smith,1985-10-02
Justin,Doe,1979-05-13
Jane,Doe,1999-01-31
John,Smith,1987-02-13
Jill,Doe,2000-03-02
Joe,Smith,1985-10-03
Justin,Doe,1979-05-14
Jane,Doe,1999-01-30
John,Smith,1987-02-12
Jill,Doe,2000-03-01
Joe,Smith,1985-10-02
Justin,Doe,1979-05-13
Jane,Doe,1999-01-31
John,Smith,1987-02-13
Jill,Doe,2000-03-02
Joe,Smith,1985-10-03
Justin,Doe,1979-05-14
Jane,Doe,1999-01-30
John,Smith,1987-02-12
Jill,Doe,2000-03-01
Joe,Smith,1985-10-02
Justin,Doe,1979-05-13
Jane,Doe,1999-01-31
John,Smith,1987-02-13
Jill,Doe,2000-03-02
Joe,Smith,1985-10-03
Justin,Doe,1979-05-14
Jane,Doe,1999-01-30
John,Smith,1987-02-12
Jill,Doe,2000-03-01
Joe,Smith,1985-10-02
Justin,Doe,1979-05-13
Jane,Doe,1999-01-31
John,Smith,1987-02-13
Jill,Doe,2000-03-02
Joe,Smith,1985-10-03
Justin,Doe,1979-05-14
Jane,Doe,1999-01-30
John,Smith,1987-02-12
Jill,Doe,2000-03-01
Joe,Smith,1985-10-02
Justin,Doe,1979-05-13
Jane,Doe,1999-01-31
John,Smith,1987-02-13
Jill,Doe,2000-03-02
Joe,Smith,1985-10-03
Justin,Doe,1979-05-14
Jane,Doe,1999-01-30
John,Smith,1987-02-12
Jill,Doe,2000-03-01
Joe,Smith,1985-10-02
Justin,Doe,1979-05-13
Jane,Doe,1999-01-31
John,Smith,1987-02-13
Jill,Doe,2000-03-02
Joe,Smith,1985-10-03
Justin,Doe,1979-05-14
Jane,Doe,1999-01-30
John,Smith,1987-02-12
Jill,Doe,2000-03-01
Joe,Smith,1985-10-02
Justin,Doe,1979-05-13
Jane,Doe,1999-01-31
John,Smith,1987-02-13
Jill,Doe,2000-03-02
Joe,Smith,1985-10-03
Justin,Doe,1979-05-14
Jane,Doe,1999-01-30
John,Smith,1987-02-12
Jill,Doe,2000-03-01
Joe,Smith,1985-10-02
Justin,Doe,1979-05-13
Jane,Doe,1999-01-31
John,Smith,1987-02-13
Jill,Doe,2000-03-02
Joe,Smith,1985-10-03
Justin,Doe,1979-05-14
Jane,Doe,1999-01-30
John,Smith,1987-02-12
Jill,Doe,2000-03-01
Joe,Smith,1985-10-02
Justin,Doe,1979-05-13
Jane,Doe,1999-01-31
John,Smith,1987-02-13
Jill,Doe,2000-03-02
Joe,Smith,1985-10-03
Justin,Doe,1979-05-14
